Workbook

Sheet 1_품목 등록자료 변경하기
A1: 품목코드 | B1: 품목명 | C1: 규격구분 | D1: 규격 | E1: 단위 EA,PACK,BOX,KG,포 | F1: 바코드 | G1: 바코드숫자 | H1: 박스바코드 | I1: 실제바코드
A2: 00000001 | B2: 배송료 | C2: 1 | H2: 99999999 | I2: =IFERROR(VLOOKUP(A2,Sheet1!$A$18:$E$2935,5,0),"")
A3: 00000006 | B3: GARUDA 땅콩과자 계란맛 | C3: 1 | D3: 230G X 1EA | E3: EA | F3: 8992775212103 | G3: 8992775212103 | H3: 8992775212103 | I3: =IFERROR(VLOOKUP(A3,Sheet1!$A$18:$E$2935,5,0),"")
A4: 00000009 | B4: GARUDA 까장쿨릿 | C4: 1 | D4: 180G X 1EA | E4: EA | F4: 8992775110126 | G4: 8992775110126 | H4: 8992775110140 | I4: =IFERROR(VLOOKUP(A4,Sheet1!$A$18:$E$2935,5,0),"")
A5: 00000010 | B5: TRUNG THANH 가지피클 | C5: 1 | D5: 500G X 12EA | E5: BOX | F5: 8934752030010 | G5: 8934752030010 | H5: 18924752030017 | I5: =IFERROR(VLOOKUP(A5,Sheet1!$A$18:$E$2935,5,0),"")
A6: 00000011 | B6: TRUNG THANH 가지피클 | C6: 1 | D6: 500G X 1EA | E6: EA | F6: 8934752030010 | G6: 8934752030010 | H6: 8934752030010 | I6: =IFERROR(VLOOKUP(A6,Sheet1!$A$18:$E$2935,5,0),"")
A7: 00000012 | B7: TRUNG THANH 양념가지피클 | C7: 1 | D7: 410G X 24EA | E7: BOX | F7: 8934752030133 | G7: 8934752030133 | H7: 18934752030130 | I7: =IFERROR(VLOOKUP(A7,Sheet1!$A$18:$E$2935,5,0),"")
A8: 00000013 | B8: TRUNG THANH 양념가지피클 | C8: 1 | D8: 410G X 1EA | E8: EA | F8: 8934752030133 | G8: 8934752030133 | H8: 8934752030133 | I8: =IFERROR(VLOOKUP(A8,Sheet1!$A$18:$E$2935,5,0),"")
A9: 00000014 | B9: 쏠티드 쉬림페이스트 200G(KAPI) | C9: 1 | D9: 200G X 36EA | E9: BOX | F9: 8853237000150 | G9: 8853237000150 | H9: 28853237000154 | I9: =IFERROR(VLOOKUP(A9,Sheet1!$A$18:$E$2935,5,0),"")
A10: 00000015 | B10: 쏠티드 쉬림페이스트 200G(KAPI) | C10: 1 | D10: 200G X 1EA | E10: EA | F10: 8853237000150 | G10: 8853237000150 | H10: 8853237000150 | I10: =IFERROR(VLOOKUP(A10,Sheet1!$A$18:$E$2935,5,0),"")
A11: 00000018 | B11: ROTARY 갈릭크래커 | C11: 1 | D11: 250G X 1EA | E11: EA | F11: 8993507000227 | G11: 8993507000227 | H11: 8993507000227 | I11: =IFERROR(VLOOKUP(A11,Sheet1!$A$18:$E$2935,5,0),"")
A12: 00000019 | B12: SEKAR BUMI 개구리다리(FROG LEG) | C12: 1 | D12: 400G X 1EA | E12: EA | F12: 8992704003635 | G12: 8992704003635 | H12: 8992704003635 | I12: =IFERROR(VLOOKUP(A12,Sheet1!$A$18:$E$2935,5,0),"")
A13: 00000022 | B13: TRUNG THANH 고추피클(PICKLED CHILI) | C13: 1 | D13: 320G X 24EA | E13: BOX | F13: 8934752030188 | G13: 8934752030188 | H13: 18934752030185 | I13: =IFERROR(VLOOKUP(A13,Sheet1!$A$18:$E$2935,5,0),"")
A14: 00000023 | B14: TRUNG THANH 고추피클(PICKLED CHILI) | C14: 1 | D14: 320G X 1EA | E14: EA | F14: 8934752030188 | G14: 8934752030188 | H14: 8934752030188 | I14: =IFERROR(VLOOKUP(A14,Sheet1!$A$18:$E$2935,5,0),"")
... A18: 00000033 | B18: CHEFS 그린잭플룻(KANOONTOM) | C18: 1 | D18: 565G X 1EA | E18: EA | F18: 093856991127 | G18: 0093856991127 | H18: 10093856991124 | I18: =IFERROR(VLOOKUP(A18,Sheet1!$A$18:$E$2935,5,0),"") -> 093856991127
A19: 00000034 | B19: NAMJAI 그린커리페이스트100G | C19: 1 | D19: 100G X 12EA | E19: PACK | F19: 8850173320144 | G19: 8850173320144 | I19: =IFERROR(VLOOKUP(A19,Sheet1!$A$18:$E$2935,5,0),"") -> 0
A20: 00000035 | B20: NO1 레몬그린티(LEMON GREEN TEA) | C20: 1 | D20: 455ML X 24EA | E20: BOX | F20: 8936193070280 | G20: 8936193070280 | H20: 18936006170302 | I20: =IFERROR(VLOOKUP(A20,Sheet1!$A$18:$E$2935,5,0),"") -> 0
A21: 00000036 | B21: NO1 레몬그린티(LEMON GREEN TEA) | C21: 1 | D21: 455ML X 1EA | E21: EA | F21: 8936193070280 | G21: 8936193070280 | H21: 8936193070280 | I21: =IFERROR(VLOOKUP(A21,Sheet1!$A$18:$E$2935,5,0),"") -> 0
A22: 00000048 | B22: ACECOOK 오라이시 후티우남방 | C22: 1 | D22: 70G X 24EA | E22: BOX | F22: 8934563453145 | G22: 8934563453145 | H22: 8934563070335 | I22: =IFERROR(VLOOKUP(A22,Sheet1!$A$18:$E$2935,5,0),"") -> 0
A23: 00000049 | B23: ACECOOK 오라이시 후티우남방 | C23: 1 | D23: 70G X 1EA | E23: EA | F23: 8934563453145 | G23: 8934563453145 | H23: 8934563453145 | I23: =IFERROR(VLOOKUP(A23,Sheet1!$A$18:$E$2935,5,0),"") -> 0
A24: 00000052 | B24: 메프라놈 남픽파우114G | C24: 1 | D24: 114G X 24EA | E24: BOX | F24: 8850487001111 | G24: 8850487001111 | H24: 18850487001118 | I24: =IFERROR(VLOOKUP(A24,Sheet1!$A$18:$E$2935,5,0),"") -> 0
A25: 00000053 | B25: 메프라놈 남픽파우114G | C25: 1 | D25: 114G X 1EA | E25: EA | F25: 8850487001111 | G25: 8850487001111 | H25: 8850487001111 | I25: =IFERROR(VLOOKUP(A25,Sheet1!$A$18:$E$2935,5,0),"") -> 0
A26: 00000054 | B26: 낭렛(튀긴 쌀과자)(NANGLED) | C26: 1 | D26: 220G X 1EA | E26: EA | F26: 8851710042611 | G26: 8851710042611 | H26: 8851710042611 | I26: =IFERROR(VLOOKUP(A26,Sheet1!$A$18:$E$2935,5,0),"") -> 0
A27: 00000062 | B27: FS 냉동바나나(F. BANANA) | C27: 1 | D27: 500G X 1EA | E27: EA | F27: 8936084330059 | G27: 8936084330059 | H27: 8936084330059 | I27: =IFERROR(VLOOKUP(A27,Sheet1!$A$18:$E$2935,5,0),"") -> 0
A28: 00000072 | B28: SAYAM 넴(NAEM) | C28: 1 | D28: 290g x 1EA | E28: EA | F28: 1248673593033 | G28: 1248673593033 | H28: 1248673593033 | I28: =IFERROR(VLOOKUP(A28,Sheet1!$A$18:$E$2935,5,0),"") -> 0
A29: 00000077 | B29: CHEFS 니파팜(ATTAP SEED) | C29: 1 | D29: 565G X 24EA | E29: BOX | F29: 0093856997709 | G29: 0093856997709 | H29: 10093856997706 | I29: =IFERROR(VLOOKUP(A29,Sheet1!$A$18:$E$2935,5,0),"") -> 0
A30: 00000078 | B30: CHEFS 니파팜(ATTAP SEED) | C30: 1 | D30: 565G X 1EA | E30: EA | F30: 093856997709 | G30: 0093856997709 | H30: 093856997709 | I30: =IFERROR(VLOOKUP(A30,Sheet1!$A$18:$E$2935,5,0),"") -> 093856997709
A31: 00000083 | B31: 닭간(닭부속물) | C31: 1 | D31: 400G X 1EA | E31: EA | F31: 8809120644574 | G31: 8809120644574 | H31: 8809120644574 | I31: =IFERROR(VLOOKUP(A31,Sheet1!$A$18:$E$2935,5,0),"") -> 0
... A69: 00000132 | B69: DAAL 레드루비아 | C69: 1 | D69: 800G X 1EA | E69: EA | F69: 7700000000029 | G69: 7700000000029 | H69: 7700000000029 | I69: =IFERROR(VLOOKUP(A69,Sheet1!$A$18:$E$2935,5,0),"") -> 0
A70: 00000133 | B70: NAMJAI 레드커리페이스트 100G | C70: 1 | D70: 100G X 12EA | E70: PACK | F70: 8850173310145 | G70: 8850173310145 | I70: =IFERROR(VLOOKUP(A70,Sheet1!$A$18:$E$2935,5,0),"") -> 0
A71: 00000135 | B71: 이태리 레몬쥬스 | C71: 1 | D71: 200ML X 1EA | E71: EA | F71: 8009490000684 | G71: 8009490000684 | H71: 8009490000684 | I71: =IFERROR(VLOOKUP(A71,Sheet1!$A$18:$E$2935,5,0),"") -> 0
A72: 00000136 | B72: 렌긴안아신 | C72: 1 | D72: 330G X 1EA | E72: EA | F72: 8993334101241 | G72: 8993334101241 | H72: 8993334101241 | I72: =IFERROR(VLOOKUP(A72,Sheet1!$A$18:$E$2935,5,0),"") -> 0
A73: 00000137 | B73: 렌틸콩(LENS CULINARIS) | C73: 1 | D73: 500G X 20EA | E73: BOX | F73: 9876543212224 | G73: 9876543212224 | H73: 7700000000031 | I73: =IFERROR(VLOOKUP(A73,Sheet1!$A$18:$E$2935,5,0),"") -> 0
A74: 00000139 | B74: AJINOMOTO 푸드시즈닝치킨플레이버 75G | C74: 1 | D74: 75G X 120EA | E74: BOX | F74: 8850250010975 | G74: 8850250010975 | H74: 48850250001711 | I74: =IFERROR(VLOOKUP(A74,Sheet1!$A$18:$E$2935,5,0),"") -> 0
A75: 00000140 | B75: AJINOMOTO 푸드시즈닝치킨플레이버 75G | C75: 1 | D75: 75G X 10EA | E75: PACK | F75: 8850250010975 | G75: 8850250010975 | H75: 8850250011712 | I75: =IFERROR(VLOOKUP(A75,Sheet1!$A$18:$E$2935,5,0),"") -> 0
A76: 00000141 | B76: AJINOMOTO 푸드시즈닝치킨플레이버 75G | C76: 1 | D76: 75G X 1EA | E76: EA | F76: 8850250010975 | G76: 8850250010975 | H76: 8850250010975 | I76: =IFERROR(VLOOKUP(A76,Sheet1!$A$18:$E$2935,5,0),"") -> 0
A77: 00000142 | B77: AJINOMOTO 푸드시즈닝포크플레이버(로띠무) 400G(대) | C77: 1 | D77: 400G X 20EA | E77: BOX | F77: 8850250010951 | G77: 8850250010951 | H77: 88502500110404 | I77: =IFERROR(VLOOKUP(A77,Sheet1!$A$18:$E$2935,5,0),"") -> 0
A78: 00000143 | B78: AJINOMOTO 푸드시즈닝포크플레이버(로띠무) 400G(대) | C78: 1 | D78: 400G X 5EA | E78: PACK | F78: 8850250010951 | G78: 8850250010951 | H78: 8850250011040 | I78: =IFERROR(VLOOKUP(A78,Sheet1!$A$18:$E$2935,5,0),"") -> 0
A79: 00000144 | B79: AJINOMOTO 푸드시즈닝포크플레이버 400G | C79: 1 | D79: 400G X 1EA | E79: EA | F79: 8850250010951 | G79: 8850250010951 | H79: 8850250010951 | I79: =IFERROR(VLOOKUP(A79,Sheet1!$A$18:$E$2935,5,0),"") -> 0
A80: 00000145 | B80: AJINOMOTO 푸드시즈닝포크플레이버 75G | C80: 1 | D80: 75G X 160EA | E80: BOX | F80: 8850250010937 | G80: 8850250010937 | H80: 58850250001725 | I80: =IFERROR(VLOOKUP(A80,Sheet1!$A$18:$E$2935,5,0),"") -> 0
A81: 00000146 | B81: AJINOMOTO 푸드시즈닝포크플레이버 75G | C81: 1 | D81: 75G X 10EA | E81: PACK | F81: 8850250010937 | G81: 8850250010937 | H81: 8850250011729 | I81: =IFERROR(VLOOKUP(A81,Sheet1!$A$18:$E$2935,5,0),"") -> 0
A82: 00000147 | B82: AJINOMOTO 푸드시즈닝포크플레이버 75G | C82: 1 | D82: 75G X 1EA | E82: EA | F82: 8850250010937 | G82: 8850250010937 | H82: 8850250010937 | I82: =IFERROR(VLOOKUP(A82,Sheet1!$A$18:$E$2935,5,0),"") -> 0
... A324: 00000649 | B324: 채-민트(홍로이)(셀레나) | C324: 1 | D324: kg | E324: KG | F324: 7700000000113 | G324: 7700000000113 | H324: 7700000000113 | I324: =IFERROR(VLOOKUP(A324,Sheet1!$A$18:$E$2935,5,0),"") -> 0
A325: 00000655 | B325: 채-줄콩(TURPAKYAW)(도아 팍냐우) | C325: 1 | D325: KG | E325: KG | I325: =IFERROR(VLOOKUP(A325,Sheet1!$A$18:$E$2935,5,0),"") -> 0
A326: 00000656 | B326: 채-차옴 | C326: 1 | D326: EA | E326: EA | F326: 7700000000120 | G326: 7700000000120 | H326: 7700000000120 | I326: =IFERROR(VLOOKUP(A326,Sheet1!$A$18:$E$2935,5,0),"") -> 0
A327: 00000657 | B327: 채-카나(KANA) | C327: 1 | D327: KG | E327: KG | F327: 7700000000121 | G327: 7700000000121 | H327: 7700000000121 | I327: =IFERROR(VLOOKUP(A327,Sheet1!$A$18:$E$2935,5,0),"") -> 0
A328: 00000658 | B328: 채-카파우(KAPOW) | C328: 1 | D328: EA | E328: EA | F328: 7700000000122 | G328: 7700000000122 | H328: 7700000000122 | I328: =IFERROR(VLOOKUP(A328,Sheet1!$A$18:$E$2935,5,0),"") -> 0
A329: 00000659 | B329: 채-팍실라우(PAKSEELAW)(티라) | C329: 1 | D329: KG | E329: KG | F329: 7700000000123 | G329: 7700000000123 | H329: 7700000000123 | I329: =IFERROR(VLOOKUP(A329,Sheet1!$A$18:$E$2935,5,0),"") -> 0
A330: 00000660 | B330: 채-홈페 | C330: 1 | D330: EA | E330: EA | F330: 7700000000124 | G330: 7700000000124 | H330: 7700000000124 | I330: =IFERROR(VLOOKUP(A330,Sheet1!$A$18:$E$2935,5,0),"") -> 0
A331: 00000661 | B331: 채-훌라파(HORAPA) | C331: 1 | D331: EA | E331: EA | F331: 7700000000125 | G331: 7700000000125 | H331: 7700000000125 | I331: =IFERROR(VLOOKUP(A331,Sheet1!$A$18:$E$2935,5,0),"") -> 0
A332: 00000663 | B332: 채W-라임잎(LIME LEAF)(바이마긋) | C332: 1 | D332: 100G | E332: EA | F332: 7700000000127 | G332: 7700000000127 | H332: 7700000000127 | I332: =IFERROR(VLOOKUP(A332,Sheet1!$A$18:$E$2935,5,0),"") -> 0
A333: 00000664 | B333: 채W-레몬그라스(LEMON GRASS) | C333: 1 | D333: 1KG | E333: KG | F333: 7700000000128 | G333: 7700000000128 | H333: 7700000000128 | I333: =IFERROR(VLOOKUP(A333,Sheet1!$A$18:$E$2935,5,0),"") -> 0
A334: 00000668 | B334: KNORR 치킨큐브(CHICKEN CUBE) | C334: 1 | D334: 144EA (20G X 24EA) | E334: BOX | F334: 8850144206378 | G334: 8850144206378 | H334: 18850144208928 | I334: =IFERROR(VLOOKUP(A334,Sheet1!$A$18:$E$2935,5,0),"") -> 0
A335: 00000669 | B335: KNORR 치킨큐브(CHICKEN CUBE) | C335: 1 | D335: 24EA (20G X 24EA) | E335: PACK | F335: 8850144206378 | G335: 8850144206378 | H335: 8850144206361 | I335: =IFERROR(VLOOKUP(A335,Sheet1!$A$18:$E$2935,5,0),"") -> 0
A336: 00000673 | B336: SEKAR BUMI 퍼첼(PECEL) | C336: 1 | D336: 200G X 1EA | E336: EA | F336: 8992704003345 | G336: 8992704003345 | H336: 8992704003345 | I336: =IFERROR(VLOOKUP(A336,Sheet1!$A$18:$E$2935,5,0),"") -> 0
A337: 00000675 | B337: KAPAL API 카팔아피커피 | C337: 1 | D337: 65G X 50EA | E337: BOX | F337: 8991002105430 | G337: 8991002105430 | H337: SMRG0654748 | I337: =IFERROR(VLOOKUP(A337,Sheet1!$A$18:$E$2935,5,0),"") -> 0
... A343: 00000683 | B343: 캠무(KAEBMOO) | C343: 1 | D343: 70G X 50EA | E343: EA | F343: 8809120644864 | G343: 8809120644864 | H343: 8809120644864 | I343: =IFERROR(VLOOKUP(A343,Sheet1!$A$18:$E$2935,5,0),"") -> 0
A344: 00000685 | B344: NAMJAI 그린커리50G | C344: 1 | D344: 50G X 12EA | E344: PACK | F344: 8850173320137 | G344: 8850173320137 | I344: =IFERROR(VLOOKUP(A344,Sheet1!$A$18:$E$2935,5,0),"") -> 0
A345: 00000686 | B345: NAMJAI 남야커리100G | C345: 1 | D345: 100G X 12EA | E345: PACK | F345: 8850173390147 | G345: 8850173390147 | I345: =IFERROR(VLOOKUP(A345,Sheet1!$A$18:$E$2935,5,0),"") -> 0
A346: 00000687 | B346: NAMJAI 톰냠커리35G | C346: 1 | D346: 35G X 12EA | E346: PACK | F346: 8850173450131 | G346: 8850173450131 | I346: =IFERROR(VLOOKUP(A346,Sheet1!$A$18:$E$2935,5,0),"") -> 0
A347: 00000688 | B347: NAMJAI 레드커리50G | C347: 1 | D347: 50G X 12EA | E347: PACK | F347: 8850173310138 | G347: 8850173310138 | I347: =IFERROR(VLOOKUP(A347,Sheet1!$A$18:$E$2935,5,0),"") -> 0
A348: 00000689 | B348: NAMJAI 바실커리50G | C348: 1 | D348: 50G X 12EA | E348: PACK | F348: 8850173480138 | G348: 8850173480138 | I348: =IFERROR(VLOOKUP(A348,Sheet1!$A$18:$E$2935,5,0),"") -> 0
A349: 00000690 | B349: NAMJAI 사우어커리100G | C349: 1 | D349: 100G X 12EA | E349: PACK | F349: 8850173340142 | G349: 8850173340142 | I349: =IFERROR(VLOOKUP(A349,Sheet1!$A$18:$E$2935,5,0),"") -> 0
A350: 00000691 | B350: NAMJAI 컨츄리커리100G | C350: 1 | D350: 100G X 12EA | E350: PACK | F350: 8850173370149 | G350: 8850173370149 | I350: =IFERROR(VLOOKUP(A350,Sheet1!$A$18:$E$2935,5,0),"") -> 0
A351: 00000692 | B351: NAMJAI 파낭커리50G | C351: 1 | D351: 50G X 12EA | E351: PACK | F351: 8850173330136 | G351: 8850173330136 | I351: =IFERROR(VLOOKUP(A351,Sheet1!$A$18:$E$2935,5,0),"") -> 0
A352: 00000694 | B352: G7믹스커피(G7 COFFEE MIX) | C352: 1 | D352: 336G X 24PACK | E352: BOX | F352: 8935024123287 | G352: 8935024123287 | H352: 8935024127490 | I352: =IFERROR(VLOOKUP(A352,Sheet1!$A$18:$E$2935,5,0),"") -> 0
A353: 00000695 | B353: G7믹스커피(G7 COFFEE MIX) | C353: 1 | D353: 336G X 1EA | E353: EA | F353: 8935024123287 | G353: 8935024123287 | H353: 8935024123287 | I353: =IFERROR(VLOOKUP(A353,Sheet1!$A$18:$E$2935,5,0),"") -> 0
A354: 00000698 | B354: KOKITA 케찹마니스 | C354: 1 | D354: 330ML X 1EA | E354: EA | F354: 8991003678636 | G354: 8991003678636 | H354: 8991003678636 | I354: =IFERROR(VLOOKUP(A354,Sheet1!$A$18:$E$2935,5,0),"") -> 0
A355: 00000699 | B355: KOKITA 케찹쌈발 | C355: 1 | D355: 400G X 1EA | E355: EA | F355: 649626016080 | G355: 649626016080 | H355: 649626016080 | I355: =IFERROR(VLOOKUP(A355,Sheet1!$A$18:$E$2935,5,0),"") -> 0
A356: 00000700 | B356: 케툼바(코리언더)(KETUMBAR) | C356: 1 | D356: 100G X 1EA | E356: EA | F356: 8995152001970 | G356: 8995152001970 | H356: 8995152001970 | I356: =IFERROR(VLOOKUP(A356,Sheet1!$A$18:$E$2935,5,0),"") -> 0
A357: 00000701 | B357: 켈라파비스켓 (KELAPA BISCUITS) | C357: 1 | D357: 300G X 1EA | E357: EA | F357: 8996001301142 | G357: 8996001301142 | H357: 8996001301142 | I357: =IFERROR(VLOOKUP(A357,Sheet1!$A$18:$E$2935,5,0),"") -> 0
A358: 00000705 | B358: CHEFS 코코넛밀크 | C358: 1 | D358: 400ML X 24EA | E358: BOX | F358: 0093856990014 | G358: 0093856990014 | H358: 10093856990011 | I358: =IFERROR(VLOOKUP(A358,Sheet1!$A$18:$E$2935,5,0),"") -> 0
A359: 00000706 | B359: CHEFS 코코넛밀크 | C359: 1 | D359: 400ML X 1EA | E359: EA | F359: 093856990014 | G359: 0093856990014 | H359: 093856990014 | I359: =IFERROR(VLOOKUP(A359,Sheet1!$A$18:$E$2935,5,0),"") -> 093856990014
A360: 00000708 | B360: 코코넛젤 믹스(VOONMAPAW MIX) | C360: 1 | D360: 470G X 1EA | E360: EA | F360: 8850579005508 | G360: 8850579005508 | H360: 8850579005508 | I360: =IFERROR(VLOOKUP(A360,Sheet1!$A$18:$E$2935,5,0),"") -> 0
A361: 00000712 | B361: FREEZE 프리즈 코코넛쥬스 | C361: 1 | D361: 240ML X 30EA | E361: BOX | F361: 8852108220048 | G361: 8852108220048 | I361: =IFERROR(VLOOKUP(A361,Sheet1!$A$18:$E$2935,5,0),"") -> 0
A362: 00000713 | B362: FREEZE 프리즈 코코넛쥬스 | C362: 1 | D362: 240ML X 1EA | E362: EA | F362: 8852108220048 | G362: 8852108220048 | H362: 8852108220048 | I362: =IFERROR(VLOOKUP(A362,Sheet1!$A$18:$E$2935,5,0),"") -> 0
A363: 00000714 | B363: TASCO 타스코 코코넛쥬스240ML | C363: 1 | D363: 240ML X 30EA | E363: BOX | F363: 8854419002009 | G363: 8854419002009 | H363: 58854419002004 | I363: =IFERROR(VLOOKUP(A363,Sheet1!$A$18:$E$2935,5,0),"") -> 0
A364: 00000715 | B364: TASCO 타스코 코코넛쥬스240ML | C364: 1 | D364: 240ML X 1EA | E364: EA | F364: 8854419002009 | G364: 8854419002009 | H364: 8854419002009 | I364: =IFERROR(VLOOKUP(A364,Sheet1!$A$18:$E$2935,5,0),"") -> 0
A365: 00000716 | B365: TASCO 타스코 코코넛쥬스500ML | C365: 1 | D365: 500ML X 24EA | E365: BOX | F365: 804531110258 | G365: 804531110258 | H365: 20804531110252 | I365: =IFERROR(VLOOKUP(A365,Sheet1!$A$18:$E$2935,5,0),"") -> 0
A366: 00000717 | B366: TASCO 타스코 코코넛쥬스500ML | C366: 1 | D366: 500ML X 1EA | E366: EA | F366: 804531110258 | G366: 804531110258 | H366: 804531110258 | I366: =IFERROR(VLOOKUP(A366,Sheet1!$A$18:$E$2935,5,0),"") -> 0
A367: 00000718 | B367: CHEFS 사무이 코코넛크림 | C367: 1 | D367: 560ML X 24EA | E367: BOX | F367: 0093856991851 | G367: 0093856991851 | H367: 10093856991858 | I367: =IFERROR(VLOOKUP(A367,Sheet1!$A$18:$E$2935,5,0),"") -> 0
A368: 00000719 | B368: CHEFS 사무이 코코넛크림 | C368: 1 | D368: 560ML X 1EA | E368: EA | F368: 093856991851 | G368: 0093856991851 | H368: 093856991851 | I368: =IFERROR(VLOOKUP(A368,Sheet1!$A$18:$E$2935,5,0),"") -> 093856991851
A369: 00000724 | B369: 코코스(KOKOS) | C369: 1 | D369: 150G X 1EA | E369: EA | F369: 8992774814001 | G369: 8992774814001 | H369: 8992774814001 | I369: =IFERROR(VLOOKUP(A369,Sheet1!$A$18:$E$2935,5,0),"") -> 0
A370: 00000726 | B370: KOPIKO 코피코사탕 | C370: 1 | D370: 150G X 24EA | E370: BOX | F370: 8996001320051 | G370: 8996001320051 | H370: 18996001340094 | I370: =IFERROR(VLOOKUP(A370,Sheet1!$A$18:$E$2935,5,0),"") -> 0
A371: 00000727 | B371: KOPIKO 코피코사탕 | C371: 1 | D371: 150G X 1EA | E371: EA | F371: 8996001320051 | G371: 8996001320051 | H371: 8996001320051 | I371: =IFERROR(VLOOKUP(A371,Sheet1!$A$18:$E$2935,5,0),"") -> 0
A372: 00000728 | B372: 콩군(KONG GUAN) | C372: 1 | D372: 300G X 20EA | E372: BOX | F372: 8888166989399 | G372: 8888166989399 | H372: 18888166989396 | I372: =IFERROR(VLOOKUP(A372,Sheet1!$A$18:$E$2935,5,0),"") -> 0
A373: 00000729 | B373: 콩군(KONG GUAN) | C373: 1 | D373: 300G X 1EA | E373: EA | F373: 8888166989399 | G373: 8888166989399 | H373: 8888166989399 | I373: =IFERROR(VLOOKUP(A373,Sheet1!$A$18:$E$2935,5,0),"") -> 0
... A455: 00000900 | B455: VIFON 비폰 분리꾸아 | C455: 1 | D455: 80G X 1EA | E455: EA | F455: 8935311110846 | G455: 8935311110846 | H455: 8935311110846 | I455: =IFERROR(VLOOKUP(A455,Sheet1!$A$18:$E$2935,5,0),"") -> 0
A456: 00000904 | B456: 정산(과세) | C456: 1 | H456: 00000904 | I456: =IFERROR(VLOOKUP(A456,Sheet1!$A$18:$E$2935,5,0),"") -> 0
A457: 00000914 | B457: 잡화 | C457: 1 | E457: EA | F457: 00000914 | G457: 00000914 | H457: 00000914 | I457: =IFERROR(VLOOKUP(A457,Sheet1!$A$18:$E$2935,5,0),"") -> 0
A458: 00000919 | B458: NGOC LIEN 망고절임 | C458: 1 | D458: 800G X 1EA | E458: EA | F458: 8935063603931 | G458: 8935063603931 | H458: 8935063603931 | I458: =IFERROR(VLOOKUP(A458,Sheet1!$A$18:$E$2935,5,0),"") -> 0
A459: 00000922 | B459: ABC칠리소스(ABC CHILI SAUCE) | C459: 1 | D459: 395G X 24EA | E459: BOX | F459: 711844120013 | G459: 711844120013 | H459: 10711844120010 | I459: =IFERROR(VLOOKUP(A459,Sheet1!$A$18:$E$2935,5,0),"") -> 0
A460: 00000936 | B460: SAHA 망고피클(PICKLED MANGO) | C460: 1 | D460: 350G X 24EA | E460: BOX | F460: 8859259500012 | G460: 8859259500012 | H460: 8859259500029 | I460: =IFERROR(VLOOKUP(A460,Sheet1!$A$18:$E$2935,5,0),"") -> 0
A461: 00000937 | B461: SAHA 죽순채 | C461: 1 | D461: 350G X 24EA | E461: BOX | F461: 8851234500130 | G461: 8851234500130 | H461: 8851234500147 | I461: =IFERROR(VLOOKUP(A461,Sheet1!$A$18:$E$2935,5,0),"") -> 0
A462: 00000938 | B462: SAHA 죽순슬라이스 | C462: 1 | D462: 350G X 24EA | E462: BOX | F462: 8851234500192 | G462: 8851234500192 | H462: 8851234500208 | I462: =IFERROR(VLOOKUP(A462,Sheet1!$A$18:$E$2935,5,0),"") -> 0
A463: 00000939 | B463: SAHA 죽순홀 | C463: 1 | D463: 350G X 24EA | E463: BOX | F463: 8851234500116 | G463: 8851234500116 | H463: 8851234500123 | I463: =IFERROR(VLOOKUP(A463,Sheet1!$A$18:$E$2935,5,0),"") -> 0
A464: 00000943 | B464: SAHA 피클드포도 | C464: 1 | D464: 350G X 24EA | E464: BOX | F464: 8859259500074 | G464: 8859259500074 | H464: 8859259500081 | I464: =IFERROR(VLOOKUP(A464,Sheet1!$A$18:$E$2935,5,0),"") -> 0
A465: 00000945 | B465: TRUNG THANH 뜽반 | C465: 1 | D465: 500ML X 24EA | E465: BOX | F465: 8934752040019 | G465: 8934752040019 | H465: 18934752040016 | I465: =IFERROR(VLOOKUP(A465,Sheet1!$A$18:$E$2935,5,0),"") -> 0
A466: 00000948 | B466: GARUDA 땅콩과자 계란맛 | C466: 1 | D466: 230G X 20EA | E466: BOX | F466: 8992775212103 | G466: 8992775212103 | H466: 00000948 | I466: =IFERROR(VLOOKUP(A466,Sheet1!$A$18:$E$2935,5,0),"") -> 0
A467: 00000949 | B467: GARUDA 까장쿨릿 | C467: 1 | D467: 180G X 40EA | E467: BOX | F467: 8992775110126 | G467: 8992775110126 | H467: 00000949 | I467: =IFERROR(VLOOKUP(A467,Sheet1!$A$18:$E$2935,5,0),"") -> 0
...

Sheet Sheet1
A1: 품목코드 | B1: 품목명 | C1: 단위 | D1: 바코드 | E1: 실제바코드 | F1: 등록바코드 | G1: 규격
A2: 00000001 | B2: 배송료
A3: 00000006 | B3: GARUDA 땅콩과자 계란맛 | C3: EA | D3: 8992775212103 | F3: 8992775212103 | G3: 230G X 1EA
A4: 00000009 | B4: GARUDA 까장쿨릿 | C4: EA | D4: 8992775110126 | F4: 8992775110126 | G4: 180G X 1EA
A5: 00000010 | B5: TRUNG THANH 가지피클 | C5: BOX | D5: 8934752030010 | F5: 8934752030010 | G5: 500G X 12EA
A6: 00000011 | B6: TRUNG THANH 가지피클 | C6: EA | D6: 8934752030010 | F6: 8934752030010 | G6: 500G X 1EA
A7: 00000012 | B7: TRUNG THANH 양념가지피클 | C7: BOX | D7: 8934752030133 | F7: 8934752030133 | G7: 410G X 24EA
A8: 00000013 | B8: TRUNG THANH 양념가지피클 | C8: EA | D8: 8934752030133 | F8: 8934752030133 | G8: 410G X 1EA
A9: 00000014 | B9: 쏠티드 쉬림페이스트 200G(KAPI) | C9: BOX | D9: 8853237000150 | F9: 8853237000150 | G9: 200G X 36EA
A10: 00000015 | B10: 쏠티드 쉬림페이스트 200G(KAPI) | C10: EA | D10: 8853237000150 | F10: 8853237000150 | G10: 200G X 1EA
A11: 00000018 | B11: ROTARY 갈릭크래커 | C11: EA | D11: 8993507000227 | F11: 8993507000227 | G11: 250G X 1EA
A12: 00000019 | B12: SEKAR BUMI 개구리다리(FROG LEG) | C12: EA | D12: 8992704003635 | F12: 8992704003635 | G12: 400G X 1EA
A13: 00000022 | B13: TRUNG THANH 고추피클(PICKLED CHILI) | C13: BOX | D13: 8934752030188 | F13: 8934752030188 | G13: 320G X 24EA
A14: 00000023 | B14: TRUNG THANH 고추피클(PICKLED CHILI) | C14: EA | D14: 8934752030188 | F14: 8934752030188 | G14: 320G X 1EA
... A17: 00000026 | B17: YWY 굴소스850G | C17: EA | D17: 8850206252848 | F17: 8850206252848 | G17: 850G X 1EA
A18: 00000033 | B18: CHEFS 그린잭플룻(KANOONTOM) | C18: EA | D18: 0093856991127 | E18: 093856991127 | F18: 0093856991127 | G18: 565G X 1EA
A19: 00000034 | B19: NAMJAI 그린커리페이스트100G | C19: PACK | D19: 8850173320144 | F19: 8850173320144 | G19: 100G X 12EA
A20: 00000035 | B20: NO1 레몬그린티(LEMON GREEN TEA) | C20: BOX | D20: 8936193070280 | F20: 8936193070280 | G20: 455ML X 24EA
A21: 00000036 | B21: NO1 레몬그린티(LEMON GREEN TEA) | C21: EA | D21: 8936193070280 | F21: 8936193070280 | G21: 455ML X 1EA
A22: 00000048 | B22: ACECOOK 오라이시 후티우남방 | C22: BOX | D22: 8934563453145 | F22: 8934563453145 | G22: 70G X 24EA
A23: 00000049 | B23: ACECOOK 오라이시 후티우남방 | C23: EA | D23: 8934563453145 | F23: 8934563453145 | G23: 70G X 1EA
A24: 00000052 | B24: 메프라놈 남픽파우114G | C24: BOX | D24: 8850487001111 | F24: 8850487001111 | G24: 114G X 24EA
A25: 00000053 | B25: 메프라놈 남픽파우114G | C25: EA | D25: 8850487001111 | F25: 8850487001111 | G25: 114G X 1EA
A26: 00000054 | B26: 낭렛(튀긴 쌀과자)(NANGLED) | C26: EA | D26: 8851710042611 | F26: 8851710042611 | G26: 220G X 1EA
A27: 00000062 | B27: FS 냉동바나나(F. BANANA) | C27: EA | D27: 8936084330059 | F27: 8936084330059 | G27: 500G X 1EA
A28: 00000072 | B28: SAYAM 넴(NAEM) | C28: EA | D28: 1248673593033 | F28: 1248673593033 | G28: 290g x 1EA
A29: 00000077 | B29: CHEFS 니파팜(ATTAP SEED) | C29: BOX | D29: 0093856997709 | F29: 0093856997709 | G29: 565G X 24EA
A30: 00000078 | B30: CHEFS 니파팜(ATTAP SEED) | C30: EA | D30: 0093856997709 | E30: 093856997709 | F30: 0093856997709 | G30: 565G X 1EA
A31: 00000083 | B31: 닭간(닭부속물) | C31: EA | D31: 8809120644574 | F31: 8809120644574 | G31: 400G X 1EA
A32: 00000087 | B32: 닭알집(닭부속물) | C32: EA | D32: 8809120644604 | F32: 8809120644604 | G32: 550G X 1EA
A33: 00000088 | B33: 닭염통(닭부속물) | C33: EA | D33: 8809120644611 | F33: 8809120644611 | G33: 350G X 1EA
A34: 00000089 | B34: 대추야자(KHALAS-1KG) | C34: BOX | D34: 6297000361819 | F34: 6297000361819 | G34: 1KG X 10EA
A35: 00000090 | B35: 대추야자(KHALAS-1KG) | C35: EA | D35: 6297000361819 | F35: 6297000361819 | G35: 1KG X 1EA
A36: 00000092 | B36: 데시케이트-베트남(V KAKMAPAW) | C36: BOX | D36: 8936062100605 | F36: 8936062100605 | G36: 250G X 24EA
A37: 00000093 | B37: 데시케이트-베트남(V KAKMAPAW) | C37: EA | D37: 8936062100605 | F37: 8936062100605 | G37: 250G X 1EA
A38: 00000094 | B38: 데시케이트-인도네시아(IN KAKMAPAW) | C38: EA | D38: 8997220050071 | F38: 8997220050071 | G38: 200G X 1EA
A39: 00000095 | B39: 생두리안(DURIAN) | C39: BOX | D39: 7700000000026 | F39: 7700000000026 | G39: 10KG
A40: 00000096 | B40: HATARI 두리안비스킷(DURIAN BISCUITS) | C40: EA | D40: 8997025914301 | F40: 8997025914301 | G40: 210G X 1PACK
A41: 00000098 | B41: 두부(차오)(CHAO) | C41: EA | D41: 7700000000027 | F41: 7700000000027 | G41: 400G X 1EA
A42: 00000100 | B42: TANTAN 땅콩(탄탄) | C42: BOX | D42: 8809548611400 | F42: 8809548611400 | G42: 800G X 12EA
... A65: 00000127 | B65: CHEFS 람부탄&파인애플 | C65: BOX | D65: 0093856990301 | F65: 0093856990301 | G65: 565G X 24EA
A66: 00000128 | B66: CHEFS 람부탄&파인애플 | C66: EA | D66: 0093856990301 | E66: 093856990304 | F66: 0093856990301 | G66: 565G X 1EA
A67: 00000129 | B67: CHEFS 람부탄 | C67: BOX | D67: 0093856990328 | F67: 0093856990328 | G67: 565G X 24EA
A68: 00000130 | B68: CHEFS 람부탄 | C68: EA | D68: 0093856990328 | E68: 093856990328 | F68: 0093856990328 | G68: 565G X 1EA
A69: 00000132 | B69: DAAL 레드루비아 | C69: EA | D69: 7700000000029 | F69: 7700000000029 | G69: 800G X 1EA
A70: 00000133 | B70: NAMJAI 레드커리페이스트 100G | C70: PACK | D70: 8850173310145 | F70: 8850173310145 | G70: 100G X 12EA
A71: 00000135 | B71: 이태리 레몬쥬스 | C71: EA | D71: 8009490000684 | F71: 8009490000684 | G71: 200ML X 1EA
A72: 00000136 | B72: 렌긴안아신 | C72: EA | D72: 8993334101241 | F72: 8993334101241 | G72: 330G X 1EA
A73: 00000137 | B73: 렌틸콩(LENS CULINARIS) | C73: BOX | D73: 9876543212224 | F73: 9876543212224 | G73: 500G X 20EA
A74: 00000139 | B74: AJINOMOTO 푸드시즈닝치킨플레이버 75G | C74: BOX | D74: 8850250010975 | F74: 8850250010975 | G74: 75G X 120EA
A75: 00000140 | B75: AJINOMOTO 푸드시즈닝치킨플레이버 75G | C75: PACK | D75: 8850250010975 | F75: 8850250010975 | G75: 75G X 10EA
A76: 00000141 | B76: AJINOMOTO 푸드시즈닝치킨플레이버 75G | C76: EA | D76: 8850250010975 | F76: 8850250010975 | G76: 75G X 1EA
A77: 00000142 | B77: AJINOMOTO 푸드시즈닝포크플레이버(로띠무) 400G(대) | C77: BOX | D77: 8850250010951 | F77: 8850250010951 | G77: 400G X 20EA
A78: 00000143 | B78: AJINOMOTO 푸드시즈닝포크플레이버(로띠무) 400G(대) | C78: PACK | D78: 8850250010951 | F78: 8850250010951 | G78: 400G X 5EA
A79: 00000144 | B79: AJINOMOTO 푸드시즈닝포크플레이버 400G | C79: EA | D79: 8850250010951 | F79: 8850250010951 | G79: 400G X 1EA
A80: 00000145 | B80: AJINOMOTO 푸드시즈닝포크플레이버 75G | C80: BOX | D80: 8850250010937 | F80: 8850250010937 | G80: 75G X 160EA
... A83: 00000150 | B83: CHEFS 롱간 | C83: BOX | D83: 0093856990311 | F83: 0093856990311 | G83: 565G X 24EA
A84: 00000151 | B84: CHEFS 롱간 | C84: EA | D84: 0093856990311 | E84: 093856990311 | F84: 0093856990311 | G84: 565G X 1EA
A85: 00000155 | B85: 가온 룩신느아 (ROOGSINNHUA) | C85: EA | D85: 7700000000033 | F85: 7700000000033 | G85: 320G X 1EA
A86: 00000156 | B86: 가온 룩신무(ROOGSINMOO) | C86: EA | D86: 7700000000064 | F86: 7700000000064 | G86: 320G X 1EA
A87: 00000157 | B87: 룸밋타이(RUAM MITT THAI) | C87: EA | D87: 8853095000217 | F87: 8853095000217 | G87: 230G X 1EA
A88: 00000158 | B88: CHEFS 리치(LYCHEE) | C88: BOX | D88: 0093856990458 | F88: 0093856990458 | G88: 565G X 24EA
A89: 00000159 | B89: CHEFS 리치(LYCHEE) | C89: EA | D89: 0093856990458 | E89: 093856990458 | F89: 0093856990458 | G89: 565G X 1EA
A90: 00000168 | B90: MAMA 클리어수프( NAM SAI) | C90: BOX | D90: 8850987201295 | F90: 8850987201295 | G90: 55G X 180EA
A91: 00000169 | B91: MAMA 클리어수프( NAM SAI) | C91: PACK | D91: 8850987201295 | F91: 8850987201295 | G91: 55G X 30EA
A92: 00000170 | B92: MAMA 클리어수프( NAM SAI) | C92: EA | D92: 8850987201295 | F92: 8850987201295 | G92: 55G X 1EA
A93: 00000171 | B93: MAMA 마마톰냠55G( TOMYUM) | C93: BOX | D93: 8850987101021 | F93: 8850987101021 | G93: 55G X 180EA
A94: 00000172 | B94: MAMA 마마톰냠55G( TOMYUM) | C94: PACK | D94: 8850987101021 | F94: 8850987101021 | G94: 55G X 30EA
A95: 00000173 | B95: MAMA 마마톰냠55G( TOMYUM) | C95: EA | D95: 8850987101021 | F95: 8850987101021 | G95: 55G X 1EA
A96: 00000174 | B96: MAMA 마마톰냠 컵( TOMYUM CUP) | C96: BOX | D96: 8850987123528 | F96: 8850987123528 | G96: 70G X 12EA
A97: 00000175 | B97: MAMA 마마톰냠 컵( TOMYUM CUP) | C97: EA | D97: 8850987123528 | F97: 8850987123528 | G97: 70G X 1EA
A98: 00000176 | B98: MAMA 마마톰냠크리미( TOMYUM CREAMY) | C98: BOX | D98: 8850987128301 | F98: 8850987128301 | G98: 55G X 180EA
A99: 00000177 | B99: MAMA 마마톰냠크리미( TOMYUM CREAMY) | C99: PACK | D99: 8850987128301 | F99: 8850987128301 | G99: 55G X 30EA
A100: 00000178 | B100: MAMA 마마톰냠크리미( TOMYUM CREAMY) | C100: EA | D100: 8850987128301 | F100: 8850987128301 | G100: 55G X 1EA
A101: 00000179 | B101: MAMA 마마톰샙( TOM SAEB) | C101: BOX | D101: 8850987141201 | F101: 8850987141201 | G101: 55G X 180EA
... A127: 00000229 | B127: DATA 목이버섯(HEDHAENG) | C127: EA | D127: 8936062100537 | F127: 8936062100537 | G127: 100G X 1EA
A128: 00000231 | B128: DAAL 무수리달(네팔)(NEPAL RED MASOOR) | C128: EA | D128: 2900000000254 | E128: 9876543212191 | F128: 2900000000254 | G128: 800G X 1EA
A129: 00000232 | B129: DAAL 무수리달(호주) | C129: EA | D129: 8809785080212 | F129: 8809785080212 | G129: 800G X 1EA
A130: 00000233 | B130: SAYAM 무여(MOOYAOE) | C130: EA | D130: 1248673593101 | F130: 1248673593101 | G130: 370g x 1EA
A131: 00000240 | B131: 미나코코넛파우더(MINA COCONUT POWDER) | C131: EA | D131: 8936002541994 | F131: 8936002541994 | G131: 50G X 1EA
A132: 00000241 | B132: ACECOOK 미라우타이 | C132: BOX | D132: 8934563122164 | F132: 8934563122164 | G132: 80G X 30EA
A133: 00000242 | B133: DATA 미엔동(MIEN DONG) | C133: BOX | D133: 8936062100148 | F133: 8936062100148 | G133: 250G X 40EA
A134: 00000243 | B134: DATA 미엔동(MIEN DONG) | C134: EA | D134: 8936062100148 | F134: 8936062100148 | G134: 250G X 1EA
A135: 00000246 | B135: ACECOOK 미엔푸홍(GOOD) | C135: BOX | D135: 8934563306113 | F135: 8934563306113 | G135: 56G X 48EA
A136: 00000247 | B136: ACECOOK 미엔푸홍(GOOD) | C136: EA | D136: 8934563306113 | F136: 8934563306113 | G136: 56G X 1EA
A137: 00000253 | B137: 바나나베이크(BANANA BAKE) | C137: EA | D137: 8858393000167 | F137: 8858393000167 | G137: 250G X 1EA
A138: 00000254 | B138: 바나나캔디(HUONG QUE) | C138: BOX | D138: 8936062104771 | F138: 8936062104771 | G138: 400G X 50EA
A139: 00000255 | B139: 바나나캔디(HUONG QUE) | C139: EA | D139: 8936062104771 | E139: 3940062104711 | F139: 8936062104771 | G139: 400G X 1EA
A140: 00000261 | B140: DATA 반다넴(BANH DA NEM) | C140: BOX | D140: 8936062100223 | F140: 8936062100223 | G140: 200G X 50EA
A141: 00000262 | B141: DATA 반다넴(BANH DA NEM) | C141: EA | D141: 8936062100223 | F141: 8936062100223 | G141: 200G X 1EA
A142: 00000263 | B142: DATA 검정깨라이스페이퍼(BANH DA ME DEN) | C142: BOX | D142: 8936062100209 | F142: 8936062100209 | G142: 300G X 50EA
A143: 00000264 | B143: DATA 검정깨라이스페이퍼(BANH DA ME DEN) | C143: EA | D143: 8936062100209 | F143: 8936062100209 | G143: 300G X 1EA
A144: 00000266 | B144: VIFON 비폰 반포코500G | C144: BOX | D144: 8935311140621 | F144: 8935311140621 | G144: 500G X 20EA
A145: 00000267 | B145: VIFON 비폰 반포코500G | C145: EA | D145: 8935311140621 | F145: 8935311140621 | G145: 500G X 1EA
A146: 00000268 | B146: ACECOOK 반포코500G | C146: BOX | D146: 8934563207014 | F146: 8934563207014 | G146: 500G X 18EA
A147: 00000269 | B147: ACECOOK 반포코500G | C147: EA | D147: 8934563207014 | F147: 8934563207014 | G147: 500G X 1EA
A148: 00000272 | B148: 반풍톰닥빗(BANH PHONG TOM DAC BIET) | C148: EA | D148: 8934746053193 | F148: 8934746053193 | G148: 100G X 1EA
A149: 00000273 | B149: SEKAR BUMI 드렁허리(BALAI) | C149: EA | D149: 8992704003338 | F149: 8992704003338 | G149: 500G X 1EA
A150: 00000275 | B150: WONDERFARM 버드네스트(BIRDS NEST) | C150: EA | D150: 8935001212522 | F150: 8935001212522 | G150: 240ML X 1EA
A151: 00000283 | B151: 베-깐잭플룻APT(FROZEN JACKFRUIT) | C151: BOX | D151: 8934617021566 | F151: 8934617021566 | G151: 300G X 30EA
...
